Feature,Non_Churn_Mean,Churn_Mean,Difference_Churn_minus_Non_Churn
Age,39.421951219512195,39.30555555555556,-0.11639566395663792
Account_Age_Months,36.71951219512195,30.288888888888888,-6.430623306233063
Avg_Monthly_Transactions,41.084146341463416,24.1,-16.984146341463415
Last_Login_Days_Ago,51.113414634146345,95.79444444444445,44.68102981029811
Support_Tickets,4.124390243902439,6.388888888888889,2.2644986449864506
Feature_Usage_Score,5.299756097560976,3.9,-1.3997560975609757
Avg_Monthly_Revenue,277.473,267.72194444444443,-9.751055555555581
